Engineering Discipline,Years of Experience,Location,Company,Salary (INR),Category
Engineer,6,Chennai,Startup,772121,Startup
Software Engineer,12,Hyderabad,Amazon,1115966,Product
Senior Engineer,14,Delhi,L&T,1300000,Others
Junior Engineer,1,Hyderabad,Amazon,375042,Product
Engineer,9,Noida,HCL,973543,Service
Engineer,3,Chennai,Capgemini,593041,Service
Engineer,6,Bangalore,Tech Mahindra,726730,Service
Service Engineer,6,Chennai,Wipro,823554,Service
Senior Engineer,10,Noida,Startup,1160599,Startup
Engineer,4,Pune,L&T,538283,Intenship
Senior Engineer,11,Pune,HCL,1227887,Service
Junior Engineer,2,Chennai,IBM,408074,Product
Service Engineer,1,Bangalore,Infosys,352821,Service
Service Engineer,15,Delhi,Infosys,1300000,Service
Engineer,9,Chennai,L&T,1052540,Intenship
Engineer,3,Mumbai,Tech Mahindra,539982,Service
Senior Engineer,11,Hyderabad,Capgemini,1104853,Service
Engineer,5,Hyderabad,L&T,616077,Intenship
Software Engineer,10,Chennai,Amazon,1096415,Product
Service Engineer,11,Delhi,TCS,1026615,Service
Service Engineer,2,Mumbai,TCS,465164,Service
Senior Engineer,12,Noida,Tech Mahindra,1300000,Service
Senior Engineer,11,Chennai,HCL,1063482,Service
Software Engineer,10,Gurgaon,Google,1113643,Product
Service Engineer,14,Noida,Cognizant,1300000,Service
Software Engineer,8,Gurgaon,Amazon,1013506,Product
Service Engineer,12,Mumbai,Cognizant,1118465,Service
Engineer,6,Hyderabad,Tech Mahindra,746178,Service
Engineer,9,Pune,L&T,978736,Others
Service Engineer,5,Delhi,Cognizant,702674,Service
Engineer,9,Hyderabad,IBM,869596,Product
Senior Engineer,15,Mumbai,Tech Mahindra,1300000,Service
Service Engineer,6,Mumbai,Wipro,742491,Service
Junior Engineer,0,Mumbai,Capgemini,263468,Service
Service Engineer,12,Gurgaon,TCS,1300000,Service
Engineer,3,Gurgaon,Microsoft,567957,Product
Senior Engineer,10,Noida,L&T,1165420,Others
Engineer,8,Hyderabad,Capgemini,933588,Service
Service Engineer,3,Chennai,Infosys,539808,Service
Junior Engineer,2,Pune,L&T,519614,Intenship
Engineer,7,Chennai,Amazon,763349,Product
Junior Engineer,0,Hyderabad,Startup,343649,Startup
Service Engineer,9,Pune,Cognizant,1070717,Service
Service Engineer,0,Noida,Infosys,307958,Service
Software Engineer,11,Bangalore,Amazon,1085296,Product
Senior Engineer,11,Delhi,HCL,1239788,Service
Service Engineer,7,Hyderabad,Infosys,744179,Service
Senior Engineer,12,Gurgaon,Accenture,1176004,Consulting
Senior Engineer,12,Pune,Tech Mahindra,1195126,Service
Senior Engineer,15,Chennai,Accenture,1300000,Consulting
Senior Engineer,10,Noida,Tech Mahindra,1121467,Service
Service Engineer,8,Gurgaon,TCS,968042,Service
Senior Engineer,10,Hyderabad,HCL,1007355,Service
Engineer,7,Noida,L&T,742266,Intenship
Engineer,3,Chennai,Google,529830,Product
Engineer,5,Delhi,Google,604891,Product
Software Engineer,12,Mumbai,Microsoft,1113006,Product
Junior Engineer,2,Gurgaon,IBM,414693,Product
Service Engineer,14,Bangalore,TCS,1259708,Service
Engineer,6,Chennai,Startup,732998,Startup
Service Engineer,0,Pune,Wipro,275660,Service
Engineer,6,Noida,Amazon,783158,Product
Engineer,7,Mumbai,Startup,976563,Startup
Senior Engineer,11,Pune,Accenture,1259397,Consulting
Junior Engineer,0,Chennai,Accenture,281085,Consulting
Engineer,5,Chennai,Amazon,777071,Product
Engineer,5,Chennai,Accenture,656516,Consulting
Senior Engineer,10,Gurgaon,Microsoft,979197,Product
Engineer,5,Gurgaon,Startup,662701,Startup
Engineer,7,Pune,Startup,744642,Startup
Engineer,7,Pune,IBM,885541,Product
Senior Engineer,11,Chennai,Capgemini,1041402,Service
Engineer,9,Delhi,Accenture,1112014,Consulting
Senior Engineer,12,Chennai,HCL,1114393,Service
Service Engineer,13,Chennai,Wipro,1298523,Service
Software Engineer,14,Noida,Microsoft,1242421,Product
Junior Engineer,0,Chennai,Tech Mahindra,344064,Service
Senior Engineer,13,Noida,L&T,1258772,Others
Engineer,9,Pune,Capgemini,1039828,Service
Engineer,8,Bangalore,HCL,813809,Service
Junior Engineer,1,Noida,Microsoft,326638,Product
Junior Engineer,1,Hyderabad,L&T,358542,Intenship
Engineer,4,Delhi,L&T,538243,Intenship
Engineer,4,Delhi,Capgemini,686818,Service
Senior Engineer,13,Chennai,Capgemini,1300000,Service
Service Engineer,9,Pune,TCS,1123719,Service
Senior Engineer,11,Bangalore,Startup,1294814,Startup
Engineer,7,Delhi,Amazon,841269,Product
Software Engineer,13,Pune,Microsoft,1300000,Product
Engineer,6,Pune,Google,816557,Product
Service Engineer,8,Mumbai,Cognizant,1017463,Service
Service Engineer,14,Hyderabad,Infosys,1300000,Service
Engineer,3,Delhi,L&T,604438,Intenship
Service Engineer,10,Bangalore,Infosys,1060564,Service
Senior Engineer,11,Gurgaon,Capgemini,1164659,Service
Service Engineer,9,Delhi,Wipro,1150976,Service
Service Engineer,11,Hyderabad,Cognizant,1216506,Service
Engineer,5,Gurgaon,Capgemini,783083,Service
Service Engineer,15,Hyderabad,TCS,1300000,Service
Software Engineer,15,Hyderabad,Google,1300000,Product
Engineer,4,Gurgaon,Google,615102,Product
Service Engineer,12,Mumbai,TCS,1282746,Service
Engineer,7,Chennai,HCL,775098,Service
Service Engineer,9,Pune,Wipro,1000981,Service
Senior Engineer,14,Gurgaon,Startup,1232869,Startup
Service Engineer,11,Noida,Wipro,1300000,Service
Service Engineer,12,Bangalore,Cognizant,1252351,Service
Software Engineer,9,Hyderabad,Google,1074020,Product
Service Engineer,12,Noida,Wipro,1128219,Service
Junior Engineer,1,Delhi,Amazon,418748,Product
Junior Engineer,0,Delhi,Startup,295776,Startup
Service Engineer,3,Mumbai,TCS,531733,Service
Junior Engineer,0,Pune,Microsoft,277032,Product
Service Engineer,9,Chennai,TCS,931228,Service
Senior Engineer,10,Mumbai,HCL,1197635,Service
Engineer,6,Chennai,Microsoft,756838,Product
Junior Engineer,1,Mumbai,Tech Mahindra,401654,Service
Senior Engineer,12,Delhi,Tech Mahindra,1181652,Service
Engineer,6,Delhi,L&T,837801,Others
Senior Engineer,13,Pune,Accenture,1195601,Consulting
Engineer,7,Hyderabad,Startup,815844,Startup
Service Engineer,2,Pune,Cognizant,394037,Service
Engineer,5,Pune,Microsoft,612309,Product
Engineer,7,Chennai,Capgemini,847803,Service
Engineer,8,Noida,Accenture,923938,Consulting
Senior Engineer,10,Chennai,Capgemini,1216060,Service
Engineer,9,Chennai,Capgemini,920257,Service
Engineer,5,Pune,Accenture,725411,Consulting
Engineer,6,Bangalore,Capgemini,685887,Service
Engineer,6,Chennai,HCL,852775,Service
Service Engineer,7,Pune,Infosys,831065,Service
Senior Engineer,12,Pune,Startup,1300000,Startup
Senior Engineer,14,Bangalore,L&T,1207057,Intenship
Service Engineer,14,Gurgaon,Cognizant,1271991,Service
Software Engineer,11,Chennai,Google,1194989,Product
Engineer,5,Noida,HCL,595433,Service
Service Engineer,7,Gurgaon,Infosys,878186,Service
Senior Engineer,12,Bangalore,Accenture,1252722,Consulting
Engineer,4,Gurgaon,IBM,617300,Product
Engineer,5,Delhi,Accenture,779144,Consulting
Service Engineer,0,Mumbai,Wipro,268220,Service
Service Engineer,15,Mumbai,TCS,1300000,Service
Engineer,8,Pune,Google,839206,Product
Senior Engineer,13,Delhi,Tech Mahindra,1300000,Service
Junior Engineer,1,Pune,Capgemini,436302,Service
Service Engineer,2,Delhi,Infosys,409849,Service
Junior Engineer,0,Delhi,Startup,302686,Startup
Engineer,5,Delhi,IBM,723940,Product
Senior Engineer,13,Chennai,Capgemini,1300000,Service
Service Engineer,8,Bangalore,Wipro,899741,Service
Senior Engineer,11,Noida,HCL,1289228,Service
Software Engineer,9,Delhi,Amazon,1050878,Product
Engineer,7,Gurgaon,HCL,821841,Service
Service Engineer,12,Pune,TCS,1072896,Service
Senior Engineer,15,Pune,IBM,1300000,Product
Junior Engineer,2,Bangalore,Capgemini,456598,Service
Service Engineer,1,Chennai,Infosys,335380,Service
Service Engineer,10,Noida,TCS,1238584,Service
Senior Engineer,12,Hyderabad,Capgemini,1300000,Service
Engineer,3,Gurgaon,Amazon,587726,Product
Engineer,3,Noida,HCL,461007,Service
Engineer,5,Chennai,Accenture,615976,Consulting
Service Engineer,13,Noida,Infosys,1300000,Service
Engineer,6,Gurgaon,Startup,762995,Startup
Service Engineer,11,Delhi,TCS,1173206,Service
Engineer,6,Gurgaon,HCL,687414,Service
Engineer,6,Bangalore,Accenture,811289,Consulting
Software Engineer,15,Gurgaon,Microsoft,1293328,Product
Service Engineer,11,Chennai,Cognizant,1300000,Service
Service Engineer,11,Chennai,TCS,1300000,Service
Engineer,3,Mumbai,Amazon,549858,Product
Service Engineer,12,Hyderabad,Wipro,1114438,Service
Service Engineer,12,Gurgaon,Cognizant,1074211,Service
Senior Engineer,15,Bangalore,Startup,1300000,Startup
Software Engineer,12,Mumbai,Google,1300000,Product
Software Engineer,10,Pune,Amazon,1141237,Product
Junior Engineer,0,Gurgaon,Google,268168,Product
Software Engineer,13,Noida,Microsoft,1180609,Product
Engineer,7,Pune,IBM,957412,Product
Senior Engineer,14,Bangalore,Capgemini,1300000,Service
Service Engineer,12,Pune,TCS,1166587,Service
Service Engineer,13,Noida,Cognizant,1300000,Service
Engineer,3,Pune,IBM,569258,Product
Engineer,4,Delhi,Amazon,559566,Product
Engineer,6,Pune,Accenture,681038,Consulting
Senior Engineer,15,Gurgaon,L&T,1300000,Others
Service Engineer,3,Chennai,TCS,476447,Service
Service Engineer,11,Delhi,Infosys,1293952,Service
Senior Engineer,15,Noida,Startup,1300000,Startup
Service Engineer,6,Delhi,Wipro,838489,Service
Engineer,8,Bangalore,Capgemini,1056436,Service
Service Engineer,2,Mumbai,TCS,437566,Service
Engineer,5,Chennai,Microsoft,751333,Product
Senior Engineer,11,Gurgaon,Tech Mahindra,1053475,Service
Service Engineer,15,Hyderabad,Infosys,1300000,Service
Senior Engineer,13,Gurgaon,IBM,1300000,Product
Senior Engineer,14,Hyderabad,Startup,1300000,Startup
Junior Engineer,1,Chennai,L&T,366259,Others
Senior Engineer,14,Delhi,IBM,1300000,Product
Service Engineer,15,Chennai,TCS,1300000,Service
Service Engineer,9,Delhi,Infosys,981716,Service
Engineer,6,Gurgaon,L&T,669394,Intenship
Service Engineer,13,Pune,Infosys,1300000,Service
Service Engineer,9,Delhi,Cognizant,953555,Service
Service Engineer,7,Hyderabad,Infosys,885297,Service
Senior Engineer,11,Pune,HCL,1068985,Service
Engineer,3,Gurgaon,HCL,596054,Service
Senior Engineer,15,Hyderabad,Tech Mahindra,1300000,Service
Junior Engineer,1,Chennai,Tech Mahindra,361334,Service
Engineer,3,Delhi,Accenture,572209,Consulting
Service Engineer,0,Mumbai,TCS,343102,Service
Senior Engineer,11,Chennai,Tech Mahindra,1251855,Service
Service Engineer,3,Gurgaon,TCS,555088,Service
Software Engineer,15,Noida,Google,1300000,Product
Senior Engineer,14,Delhi,L&T,1300000,Intenship
Service Engineer,9,Bangalore,Wipro,984307,Service
Engineer,4,Chennai,Startup,624761,Startup
Software Engineer,13,Hyderabad,Amazon,1300000,Product
Junior Engineer,1,Noida,Startup,327293,Startup
Engineer,6,Bangalore,Amazon,738004,Product
Software Engineer,13,Gurgaon,Amazon,1300000,Product
Engineer,7,Noida,Tech Mahindra,958409,Service
Junior Engineer,1,Delhi,Microsoft,381916,Product
Senior Engineer,14,Bangalore,L&T,1300000,Others
Software Engineer,13,Delhi,Amazon,1253275,Product
Engineer,3,Bangalore,L&T,459419,Others
Engineer,8,Hyderabad,Tech Mahindra,926344,Service
Senior Engineer,10,Mumbai,IBM,982909,Product
Senior Engineer,10,Delhi,HCL,990093,Service
Engineer,7,Noida,HCL,897672,Service
Service Engineer,5,Pune,Cognizant,702817,Service
Engineer,7,Delhi,Accenture,792985,Consulting
Senior Engineer,15,Noida,HCL,1300000,Service
Engineer,7,Delhi,Accenture,774161,Consulting
Senior Engineer,10,Hyderabad,Capgemini,982697,Service
Service Engineer,7,Chennai,Cognizant,893479,Service
Engineer,6,Gurgaon,Accenture,721787,Consulting
Service Engineer,8,Delhi,Cognizant,932085,Service
Senior Engineer,14,Pune,HCL,1300000,Service
Engineer,9,Pune,Amazon,956743,Product
Engineer,7,Mumbai,Tech Mahindra,939113,Service
Service Engineer,15,Pune,Infosys,1300000,Service
Engineer,3,Chennai,Startup,566073,Startup
Engineer,9,Hyderabad,Startup,1076464,Startup
Service Engineer,6,Bangalore,Cognizant,725597,Service
Service Engineer,1,Hyderabad,Wipro,392364,Service
Service Engineer,8,Chennai,TCS,1008491,Service
Senior Engineer,12,Chennai,Capgemini,1270254,Service
Engineer,9,Noida,Capgemini,906737,Service
Service Engineer,10,Delhi,Cognizant,1002070,Service
Senior Engineer,14,Noida,Accenture,1249538,Consulting
Engineer,9,Delhi,Google,870592,Product
Senior Engineer,13,Mumbai,Startup,1300000,Startup
Software Engineer,14,Gurgaon,Google,1300000,Product
Engineer,7,Chennai,Google,734581,Product
Senior Engineer,15,Noida,IBM,1300000,Product
Senior Engineer,15,Bangalore,Accenture,1300000,Consulting
Senior Engineer,11,Delhi,Accenture,1288783,Consulting
Engineer,7,Chennai,IBM,909629,Product
Junior Engineer,0,Noida,Accenture,308519,Consulting
Junior Engineer,1,Mumbai,Startup,326589,Startup
Engineer,7,Hyderabad,Google,847444,Product
Senior Engineer,10,Bangalore,L&T,1054283,Intenship
Service Engineer,9,Delhi,Cognizant,1091507,Service
Junior Engineer,2,Hyderabad,Accenture,398215,Consulting
Service Engineer,9,Pune,TCS,1122243,Service
Junior Engineer,1,Hyderabad,Tech Mahindra,360702,Service
Senior Engineer,10,Hyderabad,Capgemini,1057615,Service
Engineer,3,Hyderabad,L&T,544734,Others
Engineer,7,Noida,L&T,819857,Intenship
Senior Engineer,10,Noida,Amazon,952093,Product
Junior Engineer,1,Noida,Startup,369268,Startup
Senior Engineer,12,Delhi,L&T,1196606,Intenship
Junior Engineer,2,Noida,L&T,488833,Intenship
Service Engineer,3,Delhi,Infosys,537898,Service
Software Engineer,2,Chennai,HCL,1300000,Service
Software Engineer,11,Chennai,Cognizant,1300000,Service
Software Engineer,11,Hyderabad,Microsoft,1300000,Product
Software Engineer,7,Hyderabad,Startup,1300000,Startup
Software Engineer,9,Hyderabad,HCL,1300000,Service
Software Engineer,8,Delhi,TCS,1300000,Service
Software Engineer,1,Mumbai,TCS,1300000,Service
Software Engineer,9,Mumbai,Accenture,1300000,Consulting
Software Engineer,7,Chennai,Tech Mahindra,1300000,Service
Software Engineer,12,Noida,Amazon,1300000,Product
Software Engineer,2,Mumbai,Cognizant,1300000,Service
Software Engineer,4,Gurgaon,Amazon,1300000,Product
Software Engineer,2,Noida,Capgemini,1300000,Service
Software Engineer,1,Mumbai,Startup,1300000,Startup
Software Engineer,8,Chennai,L&T,1300000,Intenship
Software Engineer,7,Delhi,Amazon,1300000,Product
Software Engineer,8,Mumbai,L&T,1300000,Intenship
Software Engineer,14,Hyderabad,Tech Mahindra,1300000,Service
Software Engineer,4,Noida,Capgemini,1300000,Service
Software Engineer,5,Bangalore,Wipro,1300000,Service
Software Engineer,6,Delhi,Google,1300000,Product
Software Engineer,5,Hyderabad,L&T,1300000,Intenship
Software Engineer,0,Mumbai,Amazon,1300000,Product
Software Engineer,3,Delhi,Google,1300000,Product
Software Engineer,10,Mumbai,Wipro,1300000,Service
Aeronautical Engineering,7,Gurgaon,Cognizant,1300000,Service
Aeronautical Engineering,0,Pune,L&T,1300000,Others
Aeronautical Engineering,1,Chennai,Microsoft,1300000,Product
Aeronautical Engineering,10,Pune,Capgemini,1300000,Service
Aeronautical Engineering,3,Delhi,L&T,1300000,Intenship
Aeronautical Engineering,6,Gurgaon,IBM,1300000,Product
Aeronautical Engineering,12,Mumbai,IBM,1300000,Product
Aeronautical Engineering,12,Bangalore,TCS,1300000,Service
Aeronautical Engineering,5,Delhi,Microsoft,1300000,Product
Aeronautical Engineering,14,Bangalore,L&T,1300000,Others
Aeronautical Engineering,0,Delhi,L&T,1300000,Intenship
Aeronautical Engineering,5,Chennai,Amazon,1300000,Product
Aeronautical Engineering,8,Chennai,Startup,1300000,Startup
Aeronautical Engineering,1,Mumbai,Wipro,1300000,Service
Aeronautical Engineering,15,Chennai,Wipro,1300000,Service
Aeronautical Engineering,8,Mumbai,IBM,1300000,Product
Aeronautical Engineering,4,Noida,Capgemini,1300000,Service
Aeronautical Engineering,5,Pune,Accenture,1300000,Consulting
Aeronautical Engineering,0,Chennai,Wipro,1300000,Service
Aeronautical Engineering,4,Bangalore,Infosys,1300000,Service
Aeronautical Engineering,0,Delhi,Microsoft,1300000,Product
Aeronautical Engineering,11,Bangalore,Google,1300000,Product
Aeronautical Engineering,2,Delhi,L&T,1300000,Others
Aeronautical Engineering,15,Hyderabad,Infosys,1300000,Service
Aeronautical Engineering,11,Bangalore,HCL,1300000,Service
Aerospace Engineering,1,Chennai,HCL,1300000,Service
Aerospace Engineering,14,Noida,Cognizant,1300000,Service
Aerospace Engineering,13,Bangalore,TCS,1300000,Service
Aerospace Engineering,14,Chennai,Infosys,1300000,Service
Aerospace Engineering,0,Pune,TCS,1300000,Service
Aerospace Engineering,0,Pune,Google,1300000,Product
Aerospace Engineering,13,Mumbai,HCL,1300000,Service
Aerospace Engineering,9,Hyderabad,Capgemini,1300000,Service
Aerospace Engineering,7,Delhi,Startup,1300000,Startup
Aerospace Engineering,2,Mumbai,TCS,1300000,Service
Aerospace Engineering,2,Hyderabad,Capgemini,1300000,Service
Aerospace Engineering,6,Mumbai,TCS,1300000,Service
Aerospace Engineering,2,Noida,Startup,1300000,Startup
Aerospace Engineering,3,Delhi,Wipro,1300000,Service
Aerospace Engineering,13,Chennai,Infosys,1300000,Service
Aerospace Engineering,7,Noida,L&T,1300000,Intenship
Aerospace Engineering,10,Delhi,TCS,1300000,Service
Aerospace Engineering,4,Gurgaon,HCL,1300000,Service
Aerospace Engineering,2,Bangalore,Startup,1300000,Startup
Aerospace Engineering,9,Chennai,Infosys,1300000,Service
Aerospace Engineering,6,Pune,HCL,1300000,Service
Aerospace Engineering,4,Mumbai,IBM,1300000,Product
Aerospace Engineering,13,Bangalore,Infosys,1300000,Service
Aerospace Engineering,3,Noida,Cognizant,1300000,Service
Aerospace Engineering,0,Mumbai,Capgemini,1300000,Service
Computer Science Engineering,7,Noida,L&T,1300000,Intenship
Computer Science Engineering,12,Bangalore,Capgemini,1300000,Service
Computer Science Engineering,1,Noida,L&T,1300000,Intenship
Computer Science Engineering,0,Mumbai,Google,1300000,Product
Computer Science Engineering,10,Bangalore,Amazon,1300000,Product
Computer Science Engineering,4,Delhi,L&T,1300000,Intenship
Computer Science Engineering,4,Noida,TCS,1300000,Service
Computer Science Engineering,1,Noida,HCL,1300000,Service
Computer Science Engineering,11,Bangalore,L&T,1300000,Others
Computer Science Engineering,8,Noida,Accenture,1300000,Consulting
Computer Science Engineering,12,Bangalore,Cognizant,1300000,Service
Computer Science Engineering,13,Hyderabad,Cognizant,1300000,Service
Computer Science Engineering,1,Chennai,Startup,1300000,Startup
Computer Science Engineering,7,Noida,TCS,1300000,Service
Computer Science Engineering,2,Gurgaon,Wipro,1300000,Service
Computer Science Engineering,12,Pune,IBM,1300000,Product
Computer Science Engineering,5,Delhi,IBM,1300000,Product
Computer Science Engineering,2,Bangalore,Cognizant,1300000,Service
Computer Science Engineering,2,Noida,Infosys,1300000,Service
Computer Science Engineering,5,Pune,Microsoft,1300000,Product
Computer Science Engineering,15,Mumbai,Google,1300000,Product
Computer Science Engineering,11,Hyderabad,L&T,1300000,Others
Computer Science Engineering,13,Mumbai,Amazon,1300000,Product
Computer Science Engineering,10,Noida,Google,1300000,Product
Computer Science Engineering,0,Delhi,Accenture,1300000,Consulting
Civil Engineering,5,Chennai,Amazon,1300000,Product
Civil Engineering,15,Noida,IBM,1300000,Product
Civil Engineering,15,Delhi,Capgemini,1300000,Service
Civil Engineering,5,Delhi,IBM,1300000,Product
Civil Engineering,15,Bangalore,Tech Mahindra,1300000,Service
Civil Engineering,2,Delhi,Startup,1300000,Startup
Civil Engineering,4,Gurgaon,Cognizant,1300000,Service
Civil Engineering,1,Delhi,TCS,1300000,Service
Civil Engineering,7,Hyderabad,Google,1300000,Product
Civil Engineering,3,Gurgaon,L&T,1300000,Intenship
Civil Engineering,8,Delhi,Microsoft,1300000,Product
Civil Engineering,8,Hyderabad,Microsoft,1300000,Product
Civil Engineering,10,Hyderabad,Accenture,1300000,Consulting
Civil Engineering,10,Bangalore,HCL,1300000,Service
Civil Engineering,9,Pune,Capgemini,1300000,Service
Civil Engineering,5,Delhi,Cognizant,1300000,Service
Civil Engineering,10,Pune,L&T,1300000,Intenship
Civil Engineering,2,Pune,Tech Mahindra,1300000,Service
Civil Engineering,4,Mumbai,Google,1300000,Product
Civil Engineering,7,Mumbai,HCL,1300000,Service
Civil Engineering,5,Hyderabad,Amazon,1300000,Product
Civil Engineering,14,Mumbai,Amazon,1300000,Product
Civil Engineering,7,Bangalore,TCS,1300000,Service
Civil Engineering,12,Pune,Startup,1300000,Startup
Civil Engineering,10,Mumbai,Infosys,1300000,Service
Mechanical Engineer,1,Chennai,Google,1300000,Product
Mechanical Engineer,10,Bangalore,Google,1300000,Product
Mechanical Engineer,15,Noida,HCL,1300000,Service
Mechanical Engineer,13,Pune,Amazon,1300000,Product
Mechanical Engineer,13,Delhi,TCS,1300000,Service
Mechanical Engineer,13,Chennai,Wipro,1300000,Service
Mechanical Engineer,10,Mumbai,Tech Mahindra,1300000,Service
Mechanical Engineer,12,Hyderabad,L&T,1300000,Intenship
Mechanical Engineer,2,Noida,Cognizant,1300000,Service
Mechanical Engineer,0,Pune,Microsoft,1300000,Product
Mechanical Engineer,0,Hyderabad,TCS,1300000,Service
Mechanical Engineer,15,Gurgaon,L&T,1300000,Others
Mechanical Engineer,2,Bangalore,Cognizant,1300000,Service
Mechanical Engineer,3,Mumbai,Microsoft,1300000,Product
Mechanical Engineer,3,Gurgaon,IBM,1300000,Product
Mechanical Engineer,14,Delhi,Startup,1300000,Startup
Mechanical Engineer,11,Gurgaon,Amazon,1300000,Product
Mechanical Engineer,2,Bangalore,Wipro,1300000,Service
Mechanical Engineer,15,Bangalore,Amazon,1300000,Product
Mechanical Engineer,15,Pune,Accenture,1300000,Consulting
Mechanical Engineer,1,Chennai,HCL,1300000,Service
Mechanical Engineer,15,Chennai,Capgemini,1300000,Service
Mechanical Engineer,13,Mumbai,Accenture,1300000,Consulting
Mechanical Engineer,10,Noida,Amazon,1300000,Product
Mechanical Engineer,13,Noida,Startup,1300000,Startup
AI Engineer,0,Noida,Capgemini,1300000,Service
AI Engineer,14,Chennai,Infosys,1300000,Service
AI Engineer,2,Chennai,Google,1300000,Product
AI Engineer,14,Noida,Amazon,1300000,Product
AI Engineer,15,Chennai,Microsoft,1300000,Product
AI Engineer,8,Bangalore,Microsoft,1300000,Product
AI Engineer,8,Delhi,Amazon,1300000,Product
AI Engineer,6,Mumbai,Capgemini,1300000,Service
AI Engineer,1,Noida,HCL,1300000,Service
AI Engineer,7,Gurgaon,TCS,1300000,Service
AI Engineer,12,Noida,Startup,1300000,Startup
AI Engineer,7,Hyderabad,Microsoft,1300000,Product
AI Engineer,9,Hyderabad,IBM,1300000,Product
AI Engineer,13,Noida,Google,1300000,Product
AI Engineer,2,Mumbai,Amazon,1300000,Product
AI Engineer,8,Noida,HCL,1300000,Service
AI Engineer,15,Noida,Google,1300000,Product
AI Engineer,8,Mumbai,HCL,1300000,Service
AI Engineer,14,Delhi,IBM,1300000,Product
AI Engineer,10,Noida,Google,1300000,Product
AI Engineer,2,Noida,TCS,1300000,Service
AI Engineer,8,Gurgaon,Startup,1300000,Startup
AI Engineer,9,Gurgaon,Wipro,1300000,Service
AI Engineer,1,Bangalore,Microsoft,1300000,Product
AI Engineer,10,Chennai,Capgemini,1300000,Service
Marine Engineering,3,Chennai,Capgemini,1300000,Service
Marine Engineering,15,Pune,Capgemini,1300000,Service
Marine Engineering,10,Delhi,Microsoft,1300000,Product
Marine Engineering,15,Gurgaon,Wipro,1300000,Service
Marine Engineering,3,Hyderabad,Capgemini,1300000,Service
Marine Engineering,7,Noida,IBM,1300000,Product
Marine Engineering,5,Chennai,Amazon,1300000,Product
Marine Engineering,10,Mumbai,Infosys,1300000,Service
Marine Engineering,1,Bangalore,Cognizant,1300000,Service
Marine Engineering,11,Mumbai,Startup,1300000,Startup
Marine Engineering,10,Pune,Tech Mahindra,1300000,Service
Marine Engineering,10,Noida,Startup,1300000,Startup
Marine Engineering,6,Delhi,Google,1300000,Product
Marine Engineering,11,Hyderabad,HCL,1300000,Service
Marine Engineering,10,Chennai,Google,1300000,Product
Marine Engineering,1,Gurgaon,Wipro,1300000,Service
Marine Engineering,3,Pune,Amazon,1300000,Product
Marine Engineering,3,Pune,IBM,1300000,Product
Marine Engineering,12,Hyderabad,HCL,1300000,Service
Marine Engineering,0,Hyderabad,Startup,1300000,Startup
Marine Engineering,13,Mumbai,TCS,1300000,Service
Marine Engineering,3,Chennai,Infosys,1300000,Service
Marine Engineering,6,Pune,Wipro,1300000,Service
Marine Engineering,13,Bangalore,Wipro,1300000,Service
Marine Engineering,5,Mumbai,Accenture,1300000,Consulting
Robotics Engineering,11,Gurgaon,Cognizant,1300000,Service
Robotics Engineering,8,Bangalore,L&T,1300000,Intenship
Robotics Engineering,12,Delhi,Wipro,1300000,Service
Robotics Engineering,0,Bangalore,Infosys,1300000,Service
Robotics Engineering,7,Delhi,Amazon,1300000,Product
Robotics Engineering,6,Delhi,Wipro,1300000,Service
Robotics Engineering,9,Pune,Accenture,1300000,Consulting
Robotics Engineering,6,Noida,L&T,1300000,Others
Robotics Engineering,2,Delhi,TCS,1300000,Service
Robotics Engineering,14,Bangalore,Google,1300000,Product
Robotics Engineering,10,Gurgaon,Infosys,1300000,Service
Robotics Engineering,14,Gurgaon,Google,1300000,Product
Robotics Engineering,5,Noida,Tech Mahindra,1300000,Service
Robotics Engineering,11,Noida,HCL,1300000,Service
Robotics Engineering,3,Noida,Wipro,1300000,Service
Robotics Engineering,15,Mumbai,Startup,1300000,Startup
Robotics Engineering,12,Chennai,Google,1300000,Product
Robotics Engineering,8,Delhi,TCS,1300000,Service
Robotics Engineering,9,Noida,Google,1300000,Product
Robotics Engineering,1,Noida,Startup,1300000,Startup
Robotics Engineering,2,Bangalore,Capgemini,1300000,Service
Robotics Engineering,8,Mumbai,Wipro,1300000,Service
Robotics Engineering,2,Noida,L&T,1300000,Intenship
Robotics Engineering,11,Gurgaon,Startup,1300000,Startup
Robotics Engineering,5,Chennai,Google,1300000,Product
Biomedical Engineering,5,Mumbai,Accenture,1300000,Consulting
Biomedical Engineering,5,Gurgaon,HCL,1300000,Service
Biomedical Engineering,13,Pune,Google,1300000,Product
Biomedical Engineering,4,Chennai,Cognizant,1300000,Service
Biomedical Engineering,3,Mumbai,Infosys,1300000,Service
Biomedical Engineering,3,Noida,Amazon,1300000,Product
Biomedical Engineering,2,Chennai,Microsoft,1300000,Product
Biomedical Engineering,1,Noida,Startup,1300000,Startup
Biomedical Engineering,5,Noida,Amazon,1300000,Product
Biomedical Engineering,9,Gurgaon,Wipro,1300000,Service
Biomedical Engineering,6,Mumbai,L&T,1300000,Others
Biomedical Engineering,9,Pune,L&T,1300000,Intenship
Biomedical Engineering,7,Mumbai,Microsoft,1300000,Product
Biomedical Engineering,9,Noida,Wipro,1300000,Service
Biomedical Engineering,14,Bangalore,Microsoft,1300000,Product
Biomedical Engineering,15,Bangalore,Tech Mahindra,1300000,Service
Biomedical Engineering,11,Delhi,Cognizant,1300000,Service
Biomedical Engineering,9,Chennai,Microsoft,1300000,Product
Biomedical Engineering,14,Mumbai,Microsoft,1300000,Product
Biomedical Engineering,12,Bangalore,Infosys,1300000,Service
Biomedical Engineering,7,Chennai,Wipro,1300000,Service
Biomedical Engineering,2,Bangalore,TCS,1300000,Service
Biomedical Engineering,7,Hyderabad,Wipro,1300000,Service
Biomedical Engineering,11,Mumbai,Cognizant,1300000,Service
Biomedical Engineering,15,Delhi,HCL,1300000,Service
Chemical Engineering,6,Hyderabad,Tech Mahindra,1300000,Service
Chemical Engineering,5,Chennai,Google,1300000,Product
Chemical Engineering,10,Pune,Infosys,1300000,Service
Chemical Engineering,6,Chennai,Tech Mahindra,1300000,Service
Chemical Engineering,2,Delhi,TCS,1300000,Service
Chemical Engineering,5,Mumbai,Startup,1300000,Startup
Chemical Engineering,0,Gurgaon,Capgemini,1300000,Service
Chemical Engineering,6,Mumbai,Google,1300000,Product
Chemical Engineering,10,Delhi,IBM,1300000,Product
Chemical Engineering,5,Chennai,HCL,1300000,Service
Chemical Engineering,5,Chennai,L&T,1300000,Intenship
Chemical Engineering,6,Mumbai,Infosys,1300000,Service
Chemical Engineering,1,Chennai,Cognizant,1300000,Service
Chemical Engineering,13,Delhi,HCL,1300000,Service
Chemical Engineering,12,Mumbai,Capgemini,1300000,Service
Chemical Engineering,5,Gurgaon,Google,1300000,Product
Chemical Engineering,1,Bangalore,Wipro,1300000,Service
Chemical Engineering,11,Pune,TCS,1300000,Service
Chemical Engineering,7,Delhi,Startup,1300000,Startup
Chemical Engineering,7,Bangalore,Google,1300000,Product
Chemical Engineering,7,Hyderabad,Google,1300000,Product
Chemical Engineering,8,Delhi,Google,1300000,Product
Chemical Engineering,5,Hyderabad,Cognizant,1300000,Service
Chemical Engineering,14,Delhi,Amazon,1300000,Product
Chemical Engineering,14,Mumbai,L&T,1300000,Intenship
Data Engineer,10,Bangalore,Google,1300000,Product
Data Engineer,9,Mumbai,IBM,1300000,Product
Data Engineer,13,Bangalore,Accenture,1300000,Consulting
Data Engineer,12,Noida,TCS,1300000,Service
Data Engineer,14,Bangalore,HCL,1300000,Service
Data Engineer,13,Bangalore,TCS,1300000,Service
Data Engineer,10,Mumbai,Amazon,1300000,Product
Data Engineer,7,Noida,HCL,1300000,Service
Data Engineer,4,Delhi,Capgemini,1300000,Service
Data Engineer,7,Gurgaon,Amazon,1300000,Product
Data Engineer,13,Bangalore,TCS,1300000,Service
Data Engineer,0,Mumbai,Amazon,1300000,Product
Data Engineer,14,Chennai,L&T,1300000,Intenship
Data Engineer,4,Delhi,HCL,1300000,Service
Data Engineer,5,Chennai,Startup,1300000,Startup
Data Engineer,5,Chennai,HCL,1300000,Service
Data Engineer,13,Noida,Accenture,1300000,Consulting
Data Engineer,13,Hyderabad,Accenture,1300000,Consulting
Data Engineer,11,Mumbai,Startup,1300000,Startup
Data Engineer,8,Gurgaon,L&T,1300000,Others
Data Engineer,3,Hyderabad,L&T,1300000,Others
Data Engineer,15,Noida,Infosys,1300000,Service
Data Engineer,15,Delhi,L&T,1300000,Others
Data Engineer,5,Hyderabad,Accenture,1300000,Consulting
Data Engineer,15,Mumbai,Cognizant,1300000,Service
Electrical & Communication Engineering,11,Gurgaon,Wipro,1300000,Service
Electrical & Communication Engineering,0,Chennai,Google,1300000,Product
Electrical & Communication Engineering,8,Chennai,Cognizant,1300000,Service
Electrical & Communication Engineering,6,Delhi,Tech Mahindra,1300000,Service
Electrical & Communication Engineering,9,Pune,IBM,1300000,Product
Electrical & Communication Engineering,15,Bangalore,Wipro,1300000,Service
Electrical & Communication Engineering,8,Noida,HCL,1300000,Service
Electrical & Communication Engineering,6,Mumbai,Google,1300000,Product
Electrical & Communication Engineering,10,Gurgaon,HCL,1300000,Service
Electrical & Communication Engineering,15,Noida,Microsoft,1300000,Product
Electrical & Communication Engineering,12,Chennai,Microsoft,1300000,Product
Electrical & Communication Engineering,14,Pune,Startup,1300000,Startup
Electrical & Communication Engineering,2,Hyderabad,Capgemini,1300000,Service
Electrical & Communication Engineering,13,Hyderabad,Infosys,1300000,Service
Electrical & Communication Engineering,15,Mumbai,IBM,1300000,Product
Electrical & Communication Engineering,9,Chennai,L&T,1300000,Intenship
Electrical & Communication Engineering,7,Hyderabad,Wipro,1300000,Service
Electrical & Communication Engineering,6,Noida,Amazon,1300000,Product
Electrical & Communication Engineering,13,Hyderabad,Infosys,1300000,Service
Electrical & Communication Engineering,4,Delhi,IBM,1300000,Product
Electrical & Communication Engineering,12,Gurgaon,Wipro,1300000,Service
Electrical & Communication Engineering,5,Noida,Google,1300000,Product
Electrical & Communication Engineering,5,Mumbai,TCS,1300000,Service
Electrical & Communication Engineering,4,Pune,IBM,1300000,Product
Electrical & Communication Engineering,2,Delhi,Accenture,1300000,Consulting
Engineer 2024: By Experience,13,Delhi,Tech Mahindra,1160330,Service
Engineer 2024: By Experience,11,Hyderabad,Wipro,1009530,Service
Engineer 2024: By Experience,13,Delhi,Startup,1239528,Startup
Engineer 2024: By Experience,1,Delhi,IBM,333869,Product
Engineer 2024: By Experience,7,Mumbai,Google,979861,Product
Engineer 2024: By Experience,7,Mumbai,Capgemini,931594,Service
Engineer 2024: By Experience,9,Gurgaon,Capgemini,1049700,Service
Engineer 2024: By Experience,11,Delhi,L&T,1199199,Intenship
Engineer 2024: By Experience,12,Delhi,Microsoft,1264420,Product
Engineer 2024: By Experience,14,Noida,Cognizant,1300000,Service
Engineer 2024: By Experience,9,Mumbai,Amazon,1060075,Product
Engineer 2024: By Experience,5,Bangalore,Accenture,782904,Consulting
Engineer 2024: By Experience,2,Pune,TCS,445038,Service
Engineer 2024: By Experience,5,Chennai,Google,626351,Product
Engineer 2024: By Experience,0,Pune,Microsoft,324490,Product
Engineer 2024: By Experience,10,Mumbai,IBM,1245620,Product
Engineer 2024: By Experience,3,Delhi,Microsoft,459162,Product
Engineer 2024: By Experience,13,Delhi,Cognizant,1187096,Service
Engineer 2024: By Experience,7,Noida,Google,755811,Product
Engineer 2024: By Experience,10,Pune,IBM,1242177,Product
Engineer 2024: By Experience,11,Hyderabad,TCS,1228940,Service
Engineer 2024: By Experience,2,Mumbai,IBM,432584,Product
Engineer 2024: By Experience,1,Delhi,Microsoft,426863,Product
Engineer 2024: By Experience,3,Pune,Cognizant,515331,Service
Engineer 2024: By Experience,4,Delhi,TCS,574308,Service
Engineer 2024: By Company,7,Noida,Tech Mahindra,359072,Service
Engineer 2024: By Company,15,Delhi,Google,403999,Product
Engineer 2024: By Company,4,Gurgaon,Amazon,297220,Product
Engineer 2024: By Company,3,Bangalore,Tech Mahindra,277115,Service
Engineer 2024: By Company,0,Delhi,Capgemini,315186,Service
Engineer 2024: By Company,2,Pune,Wipro,258178,Service
Engineer 2024: By Company,5,Pune,Accenture,306536,Consulting
Engineer 2024: By Company,3,Bangalore,Microsoft,340145,Product
Engineer 2024: By Company,9,Mumbai,Startup,390839,Startup
Engineer 2024: By Company,10,Chennai,Wipro,401224,Service
Engineer 2024: By Company,4,Gurgaon,TCS,328106,Service
Engineer 2024: By Company,14,Pune,Amazon,446356,Product
Engineer 2024: By Company,8,Gurgaon,L&T,381124,Intenship
Engineer 2024: By Company,8,Chennai,L&T,330999,Intenship
Engineer 2024: By Company,15,Delhi,Microsoft,398892,Product
Engineer 2024: By Company,3,Gurgaon,Infosys,265458,Service
Engineer 2024: By Company,12,Chennai,Google,424762,Product
Engineer 2024: By Company,6,Bangalore,Wipro,295890,Service
Engineer 2024: By Company,4,Mumbai,IBM,309025,Product
Engineer 2024: By Company,4,Bangalore,Cognizant,351253,Service
Engineer 2024: By Company,7,Gurgaon,IBM,320648,Product
Engineer 2024: By Company,12,Delhi,Accenture,440511,Consulting
Engineer 2024: By Company,7,Chennai,Capgemini,320790,Service
Engineer 2024: By Company,7,Bangalore,Infosys,317023,Service
Engineer 2024: By Company,8,Hyderabad,Google,312493,Product
Engineern Navy,6,Pune,L&T,921590,Intenship
Engineern Navy,12,Hyderabad,Accenture,956501,Consulting
Engineern Navy,14,Gurgaon,Infosys,1070078,Service
Engineern Navy,0,Delhi,IBM,902211,Product
Engineern Navy,7,Delhi,Microsoft,823157,Product
Engineern Navy,4,Bangalore,Capgemini,895824,Service
Engineern Navy,13,Bangalore,TCS,876553,Service
Engineern Navy,6,Pune,Cognizant,1018867,Service
Engineern Navy,12,Bangalore,Google,897166,Product
Engineern Navy,7,Mumbai,Infosys,900369,Service
Engineern Navy,11,Mumbai,Infosys,851285,Service
Engineern Navy,14,Hyderabad,TCS,1033662,Service
Engineern Navy,12,Mumbai,TCS,1045558,Service
Engineern Navy,1,Pune,TCS,875161,Service
Engineern Navy,4,Chennai,HCL,783383,Service
Engineern Navy,15,Chennai,Cognizant,982912,Service
Engineern Navy,10,Gurgaon,Amazon,880223,Product
Engineern Navy,9,Delhi,Startup,870322,Startup
Engineern Navy,3,Pune,L&T,943854,Others
Engineern Navy,8,Mumbai,Google,945422,Product
Engineern Navy,15,Noida,Infosys,1112085,Service
Engineern Navy,3,Noida,Infosys,737976,Service
Engineern Navy,13,Mumbai,Startup,929426,Startup
Engineern Navy,14,Delhi,TCS,968389,Service
Engineern Navy,4,Mumbai,IBM,920242,Product
Engineern Army,7,Bangalore,Wipro,70591,Service
Engineern Army,13,Delhi,Accenture,72692,Consulting
Engineern Army,15,Bangalore,Startup,60233,Startup
Engineern Army,2,Delhi,Tech Mahindra,72276,Service
Engineern Army,1,Delhi,Accenture,62733,Consulting
Engineern Army,0,Bangalore,Tech Mahindra,58419,Service
Engineern Army,2,Mumbai,L&T,60950,Intenship
Engineern Army,4,Bangalore,Tech Mahindra,58962,Service
Engineern Army,7,Gurgaon,IBM,61723,Product
Engineern Army,1,Noida,Tech Mahindra,59677,Service
Engineern Army,13,Delhi,Capgemini,58204,Service
Engineern Army,9,Chennai,TCS,56733,Service
Engineern Army,9,Chennai,Wipro,67514,Service
Engineern Army,8,Chennai,Capgemini,60223,Service
Engineern Army,3,Mumbai,HCL,70940,Service
Engineern Army,0,Pune,TCS,64373,Service
Engineern Army,7,Hyderabad,Amazon,72539,Product
Engineern Army,0,Hyderabad,TCS,67081,Service
Engineern Army,15,Mumbai,Microsoft,63365,Product
Engineern Army,8,Pune,TCS,56939,Service
Engineern Army,15,Hyderabad,Amazon,55977,Product
Engineern Army,0,Gurgaon,Capgemini,74016,Service
Engineern Army,10,Delhi,IBM,62563,Product
Engineern Army,13,Bangalore,Capgemini,57973,Service
Engineern Army,2,Mumbai,Cognizant,75579,Service
Dev Ops Engineer,2,Pune,Capgemini,455343,Service
Dev Ops Engineer,0,Hyderabad,Capgemini,357549,Service
Dev Ops Engineer,12,Gurgaon,Infosys,1163334,Service
Dev Ops Engineer,7,Bangalore,Google,877932,Product
Dev Ops Engineer,13,Noida,L&T,990054,Others
Dev Ops Engineer,1,Chennai,Infosys,427860,Service
Dev Ops Engineer,3,Pune,Accenture,511939,Consulting
Dev Ops Engineer,3,Delhi,Cognizant,557662,Service
Dev Ops Engineer,3,Bangalore,Amazon,657338,Product
Dev Ops Engineer,12,Bangalore,Wipro,930836,Service
Dev Ops Engineer,11,Hyderabad,Cognizant,1112152,Service
Dev Ops Engineer,10,Delhi,Startup,1029997,Startup
Dev Ops Engineer,5,Gurgaon,Microsoft,783974,Product
Dev Ops Engineer,8,Noida,IBM,873690,Product
Dev Ops Engineer,12,Delhi,Amazon,1132459,Product
Dev Ops Engineer,9,Gurgaon,L&T,976990,Intenship
Dev Ops Engineer,7,Mumbai,Infosys,885985,Service
Dev Ops Engineer,10,Hyderabad,Accenture,1089760,Consulting
Dev Ops Engineer,9,Bangalore,Wipro,1033172,Service
Dev Ops Engineer,3,Bangalore,L&T,590705,Intenship
Dev Ops Engineer,7,Noida,Google,926819,Product
Dev Ops Engineer,5,Hyderabad,Microsoft,598359,Product
Dev Ops Engineer,12,Delhi,Startup,987485,Startup
Dev Ops Engineer,4,Bangalore,L&T,705868,Others
Dev Ops Engineer,2,Bangalore,Google,535672,Product
Civil Engineer,10,Noida,Cognizant,497306,Service
Civil Engineer,15,Gurgaon,Infosys,598857,Service
Civil Engineer,5,Bangalore,Cognizant,372313,Service
Civil Engineer,4,Noida,Tech Mahindra,286119,Service
Civil Engineer,1,Mumbai,Startup,177116,Startup
Civil Engineer,1,Chennai,Cognizant,211135,Service
Civil Engineer,9,Hyderabad,Startup,473416,Startup
Civil Engineer,0,Delhi,Microsoft,168479,Product
Civil Engineer,12,Delhi,IBM,504106,Product
Civil Engineer,12,Noida,Cognizant,641618,Service
Civil Engineer,9,Bangalore,Google,440376,Product
Civil Engineer,12,Gurgaon,IBM,577894,Product
Civil Engineer,10,Mumbai,Wipro,519387,Service
Civil Engineer,0,Delhi,L&T,157425,Others
Civil Engineer,7,Mumbai,Cognizant,348897,Service
Civil Engineer,4,Delhi,Capgemini,269379,Service
Civil Engineer,7,Delhi,HCL,437673,Service
Civil Engineer,14,Gurgaon,Startup,671631,Startup
Civil Engineer,6,Gurgaon,Capgemini,350808,Service
Civil Engineer,7,Chennai,Cognizant,389172,Service
Civil Engineer,13,Pune,Startup,657500,Startup
Civil Engineer,2,Gurgaon,Wipro,225029,Service
Civil Engineer,15,Gurgaon,Cognizant,685949,Service
Civil Engineer,4,Delhi,Accenture,275432,Consulting
Civil Engineer,5,Noida,Startup,294378,Startup
Computer Engineer,10,Delhi,Wipro,211303,Service
Computer Engineer,2,Hyderabad,L&T,399224,Intenship
Computer Engineer,2,Mumbai,Accenture,383898,Consulting
Computer Engineer,4,Mumbai,Microsoft,396850,Product
Computer Engineer,10,Hyderabad,TCS,183974,Service
Computer Engineer,8,Delhi,TCS,239365,Service
Computer Engineer,12,Noida,Wipro,132852,Service
Computer Engineer,12,Mumbai,Startup,126601,Startup
Computer Engineer,11,Delhi,Google,157224,Product
Computer Engineer,1,Hyderabad,Tech Mahindra,478141,Service
Computer Engineer,13,Bangalore,TCS,114689,Service
Computer Engineer,9,Bangalore,Amazon,211181,Product
Computer Engineer,12,Bangalore,TCS,143076,Service
Computer Engineer,2,Delhi,Capgemini,465829,Service
Computer Engineer,10,Gurgaon,Accenture,205512,Consulting
Computer Engineer,14,Gurgaon,TCS,74993,Service
Computer Engineer,13,Hyderabad,Cognizant,114574,Service
Computer Engineer,2,Hyderabad,HCL,479030,Service
Computer Engineer,2,Noida,Wipro,501203,Service
Computer Engineer,14,Chennai,Google,80457,Product
Computer Engineer,13,Chennai,Startup,115661,Startup
Computer Engineer,2,Noida,Infosys,470894,Service
Computer Engineer,8,Mumbai,Cognizant,222311,Service
Computer Engineer,1,Bangalore,IBM,498917,Product
Computer Engineer,6,Bangalore,Startup,284082,Startup
Engineer: Similar Designation Salary,5,Bangalore,Accenture,320307,Consulting
Engineer: Similar Designation Salary,6,Gurgaon,HCL,298837,Service
Engineer: Similar Designation Salary,0,Delhi,Microsoft,187987,Product
Engineer: Similar Designation Salary,8,Delhi,HCL,318060,Service
Engineer: Similar Designation Salary,9,Delhi,Amazon,362552,Product
Engineer: Similar Designation Salary,0,Bangalore,IBM,238417,Product
Engineer: Similar Designation Salary,4,Bangalore,Tech Mahindra,261501,Service
Engineer: Similar Designation Salary,1,Noida,IBM,244644,Product
Engineer: Similar Designation Salary,15,Hyderabad,TCS,429080,Service
Engineer: Similar Designation Salary,8,Noida,Tech Mahindra,291958,Service
Engineer: Similar Designation Salary,5,Noida,Microsoft,294806,Product
Engineer: Similar Designation Salary,0,Bangalore,Accenture,227816,Consulting
Engineer: Similar Designation Salary,13,Mumbai,Cognizant,411693,Service
Engineer: Similar Designation Salary,2,Bangalore,IBM,273652,Product
Engineer: Similar Designation Salary,2,Hyderabad,Tech Mahindra,257706,Service
Engineer: Similar Designation Salary,12,Gurgaon,IBM,349272,Product
Engineer: Similar Designation Salary,6,Pune,TCS,270322,Service
Engineer: Similar Designation Salary,3,Chennai,Amazon,245983,Product
Engineer: Similar Designation Salary,5,Delhi,Wipro,317996,Service
Engineer: Similar Designation Salary,9,Hyderabad,Microsoft,339538,Product
Engineer: Similar Designation Salary,8,Chennai,IBM,325291,Product
Engineer: Similar Designation Salary,13,Bangalore,Tech Mahindra,409748,Service
Engineer: Similar Designation Salary,14,Chennai,Startup,399977,Startup
Engineer: Similar Designation Salary,7,Chennai,Microsoft,346455,Product
Engineer: Similar Designation Salary,0,Mumbai,L&T,196306,Intenship
